ELP,Sequence
G3I6,VPGGGVPGGGVPGGGVPGIGVPGIGVPGIGVPGIGVPGIGVPGIG
G3V6,VPGGGVPGGGVPGGGVPGVGVPGVGVPGVGVPGVGVPGVGVPGVG
G3L6,VPGGGVPGGGVPGGGVPGLGVPGLGVPGLGVPGLGVPGLGVPGLG
G3F6,VPGGGVPGGGVPGGGVPGFGVPGFGVPGFGVPGFGVPGFGVPGFG
G3C6,VPGGGVPGGGVPGGGVPGCGVPGCGVPGCGVPGCGVPGCGVPGCG
G3M6,VPGGGVPGGGVPGGGVPGMGVPGMGVPGMGVPGMGVPGMGVPGMG
G3A6,VPGGGVPGGGVPGGGVPGAGVPGAGVPGAGVPGAGVPGAGVPGAG
T3I6,VPGTGVPGTGVPGTGVPGIGVPGIGVPGIGVPGIGVPGIGVPGIG
T3V6,VPGTGVPGTGVPGTGVPGVGVPGVGVPGVGVPGVGVPGVGVPGVG
T3L6,VPGTGVPGTGVPGTGVPGLGVPGLGVPGLGVPGLGVPGLGVPGLG
T3F6,VPGTGVPGTGVPGTGVPGFGVPGFGVPGFGVPGFGVPGFGVPGFG
T3C6,VPGTGVPGTGVPGTGVPGCGVPGCGVPGCGVPGCGVPGCGVPGCG
T3M6,VPGTGVPGTGVPGTGVPGMGVPGMGVPGMGVPGMGVPGMGVPGMG
T3A6,VPGTGVPGTGVPGTGVPGAGVPGAGVPGAGVPGAGVPGAGVPGAG
S3I6,VPGSGVPGSGVPGSGVPGIGVPGIGVPGIGVPGIGVPGIGVPGIG
S3V6,VPGSGVPGSGVPGSGVPGVGVPGVGVPGVGVPGVGVPGVGVPGVG
S3L6,VPGSGVPGSGVPGSGVPGLGVPGLGVPGLGVPGLGVPGLGVPGLG
S3F6,VPGSGVPGSGVPGSGVPGFGVPGFGVPGFGVPGFGVPGFGVPGFG
S3C6,VPGSGVPGSGVPGSGVPGCGVPGCGVPGCGVPGCGVPGCGVPGCG
S3M6,VPGSGVPGSGVPGSGVPGMGVPGMGVPGMGVPGMGVPGMGVPGMG
S3A6,VPGSGVPGSGVPGSGVPGAGVPGAGVPGAGVPGAGVPGAGVPGAG
W3I6,VPGWGVPGWGVPGWGVPGIGVPGIGVPGIGVPGIGVPGIGVPGIG
W3V6,VPGWGVPGWGVPGWGVPGVGVPGVGVPGVGVPGVGVPGVGVPGVG
W3L6,VPGWGVPGWGVPGWGVPGLGVPGLGVPGLGVPGLGVPGLGVPGLG
W3F6,VPGWGVPGWGVPGWGVPGFGVPGFGVPGFGVPGFGVPGFGVPGFG
W3C6,VPGWGVPGWGVPGWGVPGCGVPGCGVPGCGVPGCGVPGCGVPGCG
W3M6,VPGWGVPGWGVPGWGVPGMGVPGMGVPGMGVPGMGVPGMGVPGMG
W3A6,VPGWGVPGWGVPGWGVPGAGVPGAGVPGAGVPGAGVPGAGVPGAG
Y3I6,VPGYGVPGYGVPGYGVPGIGVPGIGVPGIGVPGIGVPGIGVPGIG
Y3V6,VPGYGVPGYGVPGYGVPGVGVPGVGVPGVGVPGVGVPGVGVPGVG
Y3L6,VPGYGVPGYGVPGYGVPGLGVPGLGVPGLGVPGLGVPGLGVPGLG
Y3F6,VPGYGVPGYGVPGYGVPGFGVPGFGVPGFGVPGFGVPGFGVPGFG
Y3C6,VPGYGVPGYGVPGYGVPGCGVPGCGVPGCGVPGCGVPGCGVPGCG
Y3M6,VPGYGVPGYGVPGYGVPGMGVPGMGVPGMGVPGMGVPGMGVPGMG
Y3A6,VPGYGVPGYGVPGYGVPGAGVPGAGVPGAGVPGAGVPGAGVPGAG
H3I6,VPGHGVPGHGVPGHGVPGIGVPGIGVPGIGVPGIGVPGIGVPGIG
H3V6,VPGHGVPGHGVPGHGVPGVGVPGVGVPGVGVPGVGVPGVGVPGVG
H3L6,VPGHGVPGHGVPGHGVPGLGVPGLGVPGLGVPGLGVPGLGVPGLG
H3F6,VPGHGVPGHGVPGHGVPGFGVPGFGVPGFGVPGFGVPGFGVPGFG
H3C6,VPGHGVPGHGVPGHGVPGCGVPGCGVPGCGVPGCGVPGCGVPGCG
H3M6,VPGHGVPGHGVPGHGVPGMGVPGMGVPGMGVPGMGVPGMGVPGMG
H3A6,VPGHGVPGHGVPGHGVPGAGVPGAGVPGAGVPGAGVPGAGVPGAG
E3I6,VPGEGVPGEGVPGEGVPGIGVPGIGVPGIGVPGIGVPGIGVPGIG
E3V6,VPGEGVPGEGVPGEGVPGVGVPGVGVPGVGVPGVGVPGVGVPGVG
E3L6,VPGEGVPGEGVPGEGVPGLGVPGLGVPGLGVPGLGVPGLGVPGLG
E3F6,VPGEGVPGEGVPGEGVPGFGVPGFGVPGFGVPGFGVPGFGVPGFG
E3C6,VPGEGVPGEGVPGEGVPGCGVPGCGVPGCGVPGCGVPGCGVPGCG
E3M6,VPGEGVPGEGVPGEGVPGMGVPGMGVPGMGVPGMGVPGMGVPGMG
E3A6,VPGEGVPGEGVPGEGVPGAGVPGAGVPGAGVPGAGVPGAGVPGAG
Q3I6,VPGQGVPGQGVPGQGVPGIGVPGIGVPGIGVPGIGVPGIGVPGIG
Q3V6,VPGQGVPGQGVPGQGVPGVGVPGVGVPGVGVPGVGVPGVGVPGVG
Q3L6,VPGQGVPGQGVPGQGVPGLGVPGLGVPGLGVPGLGVPGLGVPGLG
Q3F6,VPGQGVPGQGVPGQGVPGFGVPGFGVPGFGVPGFGVPGFGVPGFG
Q3C6,VPGQGVPGQGVPGQGVPGCGVPGCGVPGCGVPGCGVPGCGVPGCG
Q3M6,VPGQGVPGQGVPGQGVPGMGVPGMGVPGMGVPGMGVPGMGVPGMG
Q3A6,VPGQGVPGQGVPGQGVPGAGVPGAGVPGAGVPGAGVPGAGVPGAG
D3I6,VPGDGVPGDGVPGDGVPGIGVPGIGVPGIGVPGIGVPGIGVPGIG
D3V6,VPGDGVPGDGVPGDGVPGVGVPGVGVPGVGVPGVGVPGVGVPGVG
D3L6,VPGDGVPGDGVPGDGVPGLGVPGLGVPGLGVPGLGVPGLGVPGLG
D3F6,VPGDGVPGDGVPGDGVPGFGVPGFGVPGFGVPGFGVPGFGVPGFG
D3C6,VPGDGVPGDGVPGDGVPGCGVPGCGVPGCGVPGCGVPGCGVPGCG
D3M6,VPGDGVPGDGVPGDGVPGMGVPGMGVPGMGVPGMGVPGMGVPGMG
D3A6,VPGDGVPGDGVPGDGVPGAGVPGAGVPGAGVPGAGVPGAGVPGAG
N3I6,VPGNGVPGNGVPGNGVPGIGVPGIGVPGIGVPGIGVPGIGVPGIG
N3V6,VPGNGVPGNGVPGNGVPGVGVPGVGVPGVGVPGVGVPGVGVPGVG
N3L6,VPGNGVPGNGVPGNGVPGLGVPGLGVPGLGVPGLGVPGLGVPGLG
N3F6,VPGNGVPGNGVPGNGVPGFGVPGFGVPGFGVPGFGVPGFGVPGFG
N3C6,VPGNGVPGNGVPGNGVPGCGVPGCGVPGCGVPGCGVPGCGVPGCG
N3M6,VPGNGVPGNGVPGNGVPGMGVPGMGVPGMGVPGMGVPGMGVPGMG
N3A6,VPGNGVPGNGVPGNGVPGAGVPGAGVPGAGVPGAGVPGAGVPGAG
K3I6,VPGKGVPGKGVPGKGVPGIGVPGIGVPGIGVPGIGVPGIGVPGIG
K3V6,VPGKGVPGKGVPGKGVPGVGVPGVGVPGVGVPGVGVPGVGVPGVG
K3L6,VPGKGVPGKGVPGKGVPGLGVPGLGVPGLGVPGLGVPGLGVPGLG
K3F6,VPGKGVPGKGVPGKGVPGFGVPGFGVPGFGVPGFGVPGFGVPGFG
K3C6,VPGKGVPGKGVPGKGVPGCGVPGCGVPGCGVPGCGVPGCGVPGCG
K3M6,VPGKGVPGKGVPGKGVPGMGVPGMGVPGMGVPGMGVPGMGVPGMG
K3A6,VPGKGVPGKGVPGKGVPGAGVPGAGVPGAGVPGAGVPGAGVPGAG
R3I6,VPGRGVPGRGVPGRGVPGIGVPGIGVPGIGVPGIGVPGIGVPGIG
R3V6,VPGRGVPGRGVPGRGVPGVGVPGVGVPGVGVPGVGVPGVGVPGVG
R3L6,VPGRGVPGRGVPGRGVPGLGVPGLGVPGLGVPGLGVPGLGVPGLG
R3F6,VPGRGVPGRGVPGRGVPGFGVPGFGVPGFGVPGFGVPGFGVPGFG
R3C6,VPGRGVPGRGVPGRGVPGCGVPGCGVPGCGVPGCGVPGCGVPGCG
R3M6,VPGRGVPGRGVPGRGVPGMGVPGMGVPGMGVPGMGVPGMGVPGMG
R3A6,VPGRGVPGRGVPGRGVPGAGVPGAGVPGAGVPGAGVPGAGVPGAG
G4I5,VPGGGVPGGGVPGGGVPGGGVPGIGVPGIGVPGIGVPGIGVPGIG
G4V5,VPGGGVPGGGVPGGGVPGGGVPGVGVPGVGVPGVGVPGVGVPGVG
G4L5,VPGGGVPGGGVPGGGVPGGGVPGLGVPGLGVPGLGVPGLGVPGLG
G4F5,VPGGGVPGGGVPGGGVPGGGVPGFGVPGFGVPGFGVPGFGVPGFG
G4C5,VPGGGVPGGGVPGGGVPGGGVPGCGVPGCGVPGCGVPGCGVPGCG
G4M5,VPGGGVPGGGVPGGGVPGGGVPGMGVPGMGVPGMGVPGMGVPGMG
G4A5,VPGGGVPGGGVPGGGVPGGGVPGAGVPGAGVPGAGVPGAGVPGAG
T4I5,VPGTGVPGTGVPGTGVPGTGVPGIGVPGIGVPGIGVPGIGVPGIG
T4V5,VPGTGVPGTGVPGTGVPGTGVPGVGVPGVGVPGVGVPGVGVPGVG
T4L5,VPGTGVPGTGVPGTGVPGTGVPGLGVPGLGVPGLGVPGLGVPGLG
T4F5,VPGTGVPGTGVPGTGVPGTGVPGFGVPGFGVPGFGVPGFGVPGFG
T4C5,VPGTGVPGTGVPGTGVPGTGVPGCGVPGCGVPGCGVPGCGVPGCG
T4M5,VPGTGVPGTGVPGTGVPGTGVPGMGVPGMGVPGMGVPGMGVPGMG
T4A5,VPGTGVPGTGVPGTGVPGTGVPGAGVPGAGVPGAGVPGAGVPGAG
S4I5,VPGSGVPGSGVPGSGVPGSGVPGIGVPGIGVPGIGVPGIGVPGIG
S4V5,VPGSGVPGSGVPGSGVPGSGVPGVGVPGVGVPGVGVPGVGVPGVG
S4L5,VPGSGVPGSGVPGSGVPGSGVPGLGVPGLGVPGLGVPGLGVPGLG
S4F5,VPGSGVPGSGVPGSGVPGSGVPGFGVPGFGVPGFGVPGFGVPGFG
S4C5,VPGSGVPGSGVPGSGVPGSGVPGCGVPGCGVPGCGVPGCGVPGCG
S4M5,VPGSGVPGSGVPGSGVPGSGVPGMGVPGMGVPGMGVPGMGVPGMG
S4A5,VPGSGVPGSGVPGSGVPGSGVPGAGVPGAGVPGAGVPGAGVPGAG
W4I5,VPGWGVPGWGVPGWGVPGWGVPGIGVPGIGVPGIGVPGIGVPGIG
W4V5,VPGWGVPGWGVPGWGVPGWGVPGVGVPGVGVPGVGVPGVGVPGVG
W4L5,VPGWGVPGWGVPGWGVPGWGVPGLGVPGLGVPGLGVPGLGVPGLG
W4F5,VPGWGVPGWGVPGWGVPGWGVPGFGVPGFGVPGFGVPGFGVPGFG
W4C5,VPGWGVPGWGVPGWGVPGWGVPGCGVPGCGVPGCGVPGCGVPGCG
W4M5,VPGWGVPGWGVPGWGVPGWGVPGMGVPGMGVPGMGVPGMGVPGMG
W4A5,VPGWGVPGWGVPGWGVPGWGVPGAGVPGAGVPGAGVPGAGVPGAG
Y4I5,VPGYGVPGYGVPGYGVPGYGVPGIGVPGIGVPGIGVPGIGVPGIG
Y4V5,VPGYGVPGYGVPGYGVPGYGVPGVGVPGVGVPGVGVPGVGVPGVG
Y4L5,VPGYGVPGYGVPGYGVPGYGVPGLGVPGLGVPGLGVPGLGVPGLG
Y4F5,VPGYGVPGYGVPGYGVPGYGVPGFGVPGFGVPGFGVPGFGVPGFG
Y4C5,VPGYGVPGYGVPGYGVPGYGVPGCGVPGCGVPGCGVPGCGVPGCG
Y4M5,VPGYGVPGYGVPGYGVPGYGVPGMGVPGMGVPGMGVPGMGVPGMG
Y4A5,VPGYGVPGYGVPGYGVPGYGVPGAGVPGAGVPGAGVPGAGVPGAG
H4I5,VPGHGVPGHGVPGHGVPGHGVPGIGVPGIGVPGIGVPGIGVPGIG
H4V5,VPGHGVPGHGVPGHGVPGHGVPGVGVPGVGVPGVGVPGVGVPGVG
H4L5,VPGHGVPGHGVPGHGVPGHGVPGLGVPGLGVPGLGVPGLGVPGLG
H4F5,VPGHGVPGHGVPGHGVPGHGVPGFGVPGFGVPGFGVPGFGVPGFG
H4C5,VPGHGVPGHGVPGHGVPGHGVPGCGVPGCGVPGCGVPGCGVPGCG
H4M5,VPGHGVPGHGVPGHGVPGHGVPGMGVPGMGVPGMGVPGMGVPGMG
H4A5,VPGHGVPGHGVPGHGVPGHGVPGAGVPGAGVPGAGVPGAGVPGAG
E4I5,VPGEGVPGEGVPGEGVPGEGVPGIGVPGIGVPGIGVPGIGVPGIG
E4V5,VPGEGVPGEGVPGEGVPGEGVPGVGVPGVGVPGVGVPGVGVPGVG
E4L5,VPGEGVPGEGVPGEGVPGEGVPGLGVPGLGVPGLGVPGLGVPGLG
E4F5,VPGEGVPGEGVPGEGVPGEGVPGFGVPGFGVPGFGVPGFGVPGFG
E4C5,VPGEGVPGEGVPGEGVPGEGVPGCGVPGCGVPGCGVPGCGVPGCG
E4M5,VPGEGVPGEGVPGEGVPGEGVPGMGVPGMGVPGMGVPGMGVPGMG
E4A5,VPGEGVPGEGVPGEGVPGEGVPGAGVPGAGVPGAGVPGAGVPGAG
Q4I5,VPGQGVPGQGVPGQGVPGQGVPGIGVPGIGVPGIGVPGIGVPGIG
Q4V5,VPGQGVPGQGVPGQGVPGQGVPGVGVPGVGVPGVGVPGVGVPGVG
Q4L5,VPGQGVPGQGVPGQGVPGQGVPGLGVPGLGVPGLGVPGLGVPGLG
Q4F5,VPGQGVPGQGVPGQGVPGQGVPGFGVPGFGVPGFGVPGFGVPGFG
Q4C5,VPGQGVPGQGVPGQGVPGQGVPGCGVPGCGVPGCGVPGCGVPGCG
Q4M5,VPGQGVPGQGVPGQGVPGQGVPGMGVPGMGVPGMGVPGMGVPGMG
Q4A5,VPGQGVPGQGVPGQGVPGQGVPGAGVPGAGVPGAGVPGAGVPGAG
D4I5,VPGDGVPGDGVPGDGVPGDGVPGIGVPGIGVPGIGVPGIGVPGIG
D4V5,VPGDGVPGDGVPGDGVPGDGVPGVGVPGVGVPGVGVPGVGVPGVG
D4L5,VPGDGVPGDGVPGDGVPGDGVPGLGVPGLGVPGLGVPGLGVPGLG
D4F5,VPGDGVPGDGVPGDGVPGDGVPGFGVPGFGVPGFGVPGFGVPGFG
D4C5,VPGDGVPGDGVPGDGVPGDGVPGCGVPGCGVPGCGVPGCGVPGCG
D4M5,VPGDGVPGDGVPGDGVPGDGVPGMGVPGMGVPGMGVPGMGVPGMG
D4A5,VPGDGVPGDGVPGDGVPGDGVPGAGVPGAGVPGAGVPGAGVPGAG
N4I5,VPGNGVPGNGVPGNGVPGNGVPGIGVPGIGVPGIGVPGIGVPGIG
N4V5,VPGNGVPGNGVPGNGVPGNGVPGVGVPGVGVPGVGVPGVGVPGVG
N4L5,VPGNGVPGNGVPGNGVPGNGVPGLGVPGLGVPGLGVPGLGVPGLG
N4F5,VPGNGVPGNGVPGNGVPGNGVPGFGVPGFGVPGFGVPGFGVPGFG
N4C5,VPGNGVPGNGVPGNGVPGNGVPGCGVPGCGVPGCGVPGCGVPGCG
N4M5,VPGNGVPGNGVPGNGVPGNGVPGMGVPGMGVPGMGVPGMGVPGMG
N4A5,VPGNGVPGNGVPGNGVPGNGVPGAGVPGAGVPGAGVPGAGVPGAG
K4I5,VPGKGVPGKGVPGKGVPGKGVPGIGVPGIGVPGIGVPGIGVPGIG
K4V5,VPGKGVPGKGVPGKGVPGKGVPGVGVPGVGVPGVGVPGVGVPGVG
K4L5,VPGKGVPGKGVPGKGVPGKGVPGLGVPGLGVPGLGVPGLGVPGLG
K4F5,VPGKGVPGKGVPGKGVPGKGVPGFGVPGFGVPGFGVPGFGVPGFG
K4C5,VPGKGVPGKGVPGKGVPGKGVPGCGVPGCGVPGCGVPGCGVPGCG
K4M5,VPGKGVPGKGVPGKGVPGKGVPGMGVPGMGVPGMGVPGMGVPGMG
K4A5,VPGKGVPGKGVPGKGVPGKGVPGAGVPGAGVPGAGVPGAGVPGAG
R4I5,VPGRGVPGRGVPGRGVPGRGVPGIGVPGIGVPGIGVPGIGVPGIG
R4V5,VPGRGVPGRGVPGRGVPGRGVPGVGVPGVGVPGVGVPGVGVPGVG
R4L5,VPGRGVPGRGVPGRGVPGRGVPGLGVPGLGVPGLGVPGLGVPGLG
R4F5,VPGRGVPGRGVPGRGVPGRGVPGFGVPGFGVPGFGVPGFGVPGFG
R4C5,VPGRGVPGRGVPGRGVPGRGVPGCGVPGCGVPGCGVPGCGVPGCG
R4M5,VPGRGVPGRGVPGRGVPGRGVPGMGVPGMGVPGMGVPGMGVPGMG
R4A5,VPGRGVPGRGVPGRGVPGRGVPGAGVPGAGVPGAGVPGAGVPGAG
G4I6,VPGGGVPGGGVPGGGVPGGGVPGIGVPGIGVPGIGVPGIGVPGIGVPGIG
G4V6,VPGGGVPGGGVPGGGVPGGGVPGVGVPGVGVPGVGVPGVGVPGVGVPGVG
G4L6,VPGGGVPGGGVPGGGVPGGGVPGLGVPGLGVPGLGVPGLGVPGLGVPGLG
G4F6,VPGGGVPGGGVPGGGVPGGGVPGFGVPGFGVPGFGVPGFGVPGFGVPGFG
G4C6,VPGGGVPGGGVPGGGVPGGGVPGCGVPGCGVPGCGVPGCGVPGCGVPGCG
G4M6,VPGGGVPGGGVPGGGVPGGGVPGMGVPGMGVPGMGVPGMGVPGMGVPGMG
G4A6,VPGGGVPGGGVPGGGVPGGGVPGAGVPGAGVPGAGVPGAGVPGAGVPGAG
T4I6,VPGTGVPGTGVPGTGVPGTGVPGIGVPGIGVPGIGVPGIGVPGIGVPGIG
T4V6,VPGTGVPGTGVPGTGVPGTGVPGVGVPGVGVPGVGVPGVGVPGVGVPGVG
T4L6,VPGTGVPGTGVPGTGVPGTGVPGLGVPGLGVPGLGVPGLGVPGLGVPGLG
T4F6,VPGTGVPGTGVPGTGVPGTGVPGFGVPGFGVPGFGVPGFGVPGFGVPGFG
T4C6,VPGTGVPGTGVPGTGVPGTGVPGCGVPGCGVPGCGVPGCGVPGCGVPGCG
T4M6,VPGTGVPGTGVPGTGVPGTGVPGMGVPGMGVPGMGVPGMGVPGMGVPGMG
T4A6,VPGTGVPGTGVPGTGVPGTGVPGAGVPGAGVPGAGVPGAGVPGAGVPGAG
S4I6,VPGSGVPGSGVPGSGVPGSGVPGIGVPGIGVPGIGVPGIGVPGIGVPGIG
S4V6,VPGSGVPGSGVPGSGVPGSGVPGVGVPGVGVPGVGVPGVGVPGVGVPGVG
S4L6,VPGSGVPGSGVPGSGVPGSGVPGLGVPGLGVPGLGVPGLGVPGLGVPGLG
S4F6,VPGSGVPGSGVPGSGVPGSGVPGFGVPGFGVPGFGVPGFGVPGFGVPGFG
S4C6,VPGSGVPGSGVPGSGVPGSGVPGCGVPGCGVPGCGVPGCGVPGCGVPGCG
S4M6,VPGSGVPGSGVPGSGVPGSGVPGMGVPGMGVPGMGVPGMGVPGMGVPGMG
S4A6,VPGSGVPGSGVPGSGVPGSGVPGAGVPGAGVPGAGVPGAGVPGAGVPGAG
W4I6,VPGWGVPGWGVPGWGVPGWGVPGIGVPGIGVPGIGVPGIGVPGIGVPGIG
W4V6,VPGWGVPGWGVPGWGVPGWGVPGVGVPGVGVPGVGVPGVGVPGVGVPGVG
W4L6,VPGWGVPGWGVPGWGVPGWGVPGLGVPGLGVPGLGVPGLGVPGLGVPGLG
W4F6,VPGWGVPGWGVPGWGVPGWGVPGFGVPGFGVPGFGVPGFGVPGFGVPGFG
W4C6,VPGWGVPGWGVPGWGVPGWGVPGCGVPGCGVPGCGVPGCGVPGCGVPGCG
W4M6,VPGWGVPGWGVPGWGVPGWGVPGMGVPGMGVPGMGVPGMGVPGMGVPGMG
W4A6,VPGWGVPGWGVPGWGVPGWGVPGAGVPGAGVPGAGVPGAGVPGAGVPGAG
Y4I6,VPGYGVPGYGVPGYGVPGYGVPGIGVPGIGVPGIGVPGIGVPGIGVPGIG
Y4V6,VPGYGVPGYGVPGYGVPGYGVPGVGVPGVGVPGVGVPGVGVPGVGVPGVG
Y4L6,VPGYGVPGYGVPGYGVPGYGVPGLGVPGLGVPGLGVPGLGVPGLGVPGLG
Y4F6,VPGYGVPGYGVPGYGVPGYGVPGFGVPGFGVPGFGVPGFGVPGFGVPGFG
Y4C6,VPGYGVPGYGVPGYGVPGYGVPGCGVPGCGVPGCGVPGCGVPGCGVPGCG
Y4M6,VPGYGVPGYGVPGYGVPGYGVPGMGVPGMGVPGMGVPGMGVPGMGVPGMG
Y4A6,VPGYGVPGYGVPGYGVPGYGVPGAGVPGAGVPGAGVPGAGVPGAGVPGAG
H4I6,VPGHGVPGHGVPGHGVPGHGVPGIGVPGIGVPGIGVPGIGVPGIGVPGIG
H4V6,VPGHGVPGHGVPGHGVPGHGVPGVGVPGVGVPGVGVPGVGVPGVGVPGVG
H4L6,VPGHGVPGHGVPGHGVPGHGVPGLGVPGLGVPGLGVPGLGVPGLGVPGLG
H4F6,VPGHGVPGHGVPGHGVPGHGVPGFGVPGFGVPGFGVPGFGVPGFGVPGFG
H4C6,VPGHGVPGHGVPGHGVPGHGVPGCGVPGCGVPGCGVPGCGVPGCGVPGCG
H4M6,VPGHGVPGHGVPGHGVPGHGVPGMGVPGMGVPGMGVPGMGVPGMGVPGMG
H4A6,VPGHGVPGHGVPGHGVPGHGVPGAGVPGAGVPGAGVPGAGVPGAGVPGAG
E4I6,VPGEGVPGEGVPGEGVPGEGVPGIGVPGIGVPGIGVPGIGVPGIGVPGIG
E4V6,VPGEGVPGEGVPGEGVPGEGVPGVGVPGVGVPGVGVPGVGVPGVGVPGVG
E4L6,VPGEGVPGEGVPGEGVPGEGVPGLGVPGLGVPGLGVPGLGVPGLGVPGLG
E4F6,VPGEGVPGEGVPGEGVPGEGVPGFGVPGFGVPGFGVPGFGVPGFGVPGFG
E4C6,VPGEGVPGEGVPGEGVPGEGVPGCGVPGCGVPGCGVPGCGVPGCGVPGCG
E4M6,VPGEGVPGEGVPGEGVPGEGVPGMGVPGMGVPGMGVPGMGVPGMGVPGMG
E4A6,VPGEGVPGEGVPGEGVPGEGVPGAGVPGAGVPGAGVPGAGVPGAGVPGAG
Q4I6,VPGQGVPGQGVPGQGVPGQGVPGIGVPGIGVPGIGVPGIGVPGIGVPGIG
Q4V6,VPGQGVPGQGVPGQGVPGQGVPGVGVPGVGVPGVGVPGVGVPGVGVPGVG
Q4L6,VPGQGVPGQGVPGQGVPGQGVPGLGVPGLGVPGLGVPGLGVPGLGVPGLG
Q4F6,VPGQGVPGQGVPGQGVPGQGVPGFGVPGFGVPGFGVPGFGVPGFGVPGFG
Q4C6,VPGQGVPGQGVPGQGVPGQGVPGCGVPGCGVPGCGVPGCGVPGCGVPGCG
Q4M6,VPGQGVPGQGVPGQGVPGQGVPGMGVPGMGVPGMGVPGMGVPGMGVPGMG
Q4A6,VPGQGVPGQGVPGQGVPGQGVPGAGVPGAGVPGAGVPGAGVPGAGVPGAG
D4I6,VPGDGVPGDGVPGDGVPGDGVPGIGVPGIGVPGIGVPGIGVPGIGVPGIG
D4V6,VPGDGVPGDGVPGDGVPGDGVPGVGVPGVGVPGVGVPGVGVPGVGVPGVG
D4L6,VPGDGVPGDGVPGDGVPGDGVPGLGVPGLGVPGLGVPGLGVPGLGVPGLG
D4F6,VPGDGVPGDGVPGDGVPGDGVPGFGVPGFGVPGFGVPGFGVPGFGVPGFG
D4C6,VPGDGVPGDGVPGDGVPGDGVPGCGVPGCGVPGCGVPGCGVPGCGVPGCG
D4M6,VPGDGVPGDGVPGDGVPGDGVPGMGVPGMGVPGMGVPGMGVPGMGVPGMG
D4A6,VPGDGVPGDGVPGDGVPGDGVPGAGVPGAGVPGAGVPGAGVPGAGVPGAG
N4I6,VPGNGVPGNGVPGNGVPGNGVPGIGVPGIGVPGIGVPGIGVPGIGVPGIG
N4V6,VPGNGVPGNGVPGNGVPGNGVPGVGVPGVGVPGVGVPGVGVPGVGVPGVG
N4L6,VPGNGVPGNGVPGNGVPGNGVPGLGVPGLGVPGLGVPGLGVPGLGVPGLG
N4F6,VPGNGVPGNGVPGNGVPGNGVPGFGVPGFGVPGFGVPGFGVPGFGVPGFG
N4C6,VPGNGVPGNGVPGNGVPGNGVPGCGVPGCGVPGCGVPGCGVPGCGVPGCG
N4M6,VPGNGVPGNGVPGNGVPGNGVPGMGVPGMGVPGMGVPGMGVPGMGVPGMG
N4A6,VPGNGVPGNGVPGNGVPGNGVPGAGVPGAGVPGAGVPGAGVPGAGVPGAG
K4I6,VPGKGVPGKGVPGKGVPGKGVPGIGVPGIGVPGIGVPGIGVPGIGVPGIG
K4V6,VPGKGVPGKGVPGKGVPGKGVPGVGVPGVGVPGVGVPGVGVPGVGVPGVG
K4L6,VPGKGVPGKGVPGKGVPGKGVPGLGVPGLGVPGLGVPGLGVPGLGVPGLG
K4F6,VPGKGVPGKGVPGKGVPGKGVPGFGVPGFGVPGFGVPGFGVPGFGVPGFG
K4C6,VPGKGVPGKGVPGKGVPGKGVPGCGVPGCGVPGCGVPGCGVPGCGVPGCG
K4M6,VPGKGVPGKGVPGKGVPGKGVPGMGVPGMGVPGMGVPGMGVPGMGVPGMG
K4A6,VPGKGVPGKGVPGKGVPGKGVPGAGVPGAGVPGAGVPGAGVPGAGVPGAG
R4I6,VPGRGVPGRGVPGRGVPGRGVPGIGVPGIGVPGIGVPGIGVPGIGVPGIG
R4V6,VPGRGVPGRGVPGRGVPGRGVPGVGVPGVGVPGVGVPGVGVPGVGVPGVG
R4L6,VPGRGVPGRGVPGRGVPGRGVPGLGVPGLGVPGLGVPGLGVPGLGVPGLG
R4F6,VPGRGVPGRGVPGRGVPGRGVPGFGVPGFGVPGFGVPGFGVPGFGVPGFG
R4C6,VPGRGVPGRGVPGRGVPGRGVPGCGVPGCGVPGCGVPGCGVPGCGVPGCG
R4M6,VPGRGVPGRGVPGRGVPGRGVPGMGVPGMGVPGMGVPGMGVPGMGVPGMG
R4A6,VPGRGVPGRGVPGRGVPGRGVPGAGVPGAGVPGAGVPGAGVPGAGVPGAG
G5I4,VPGGGVPGGGVPGGGVPGGGVPGGGVPGIGVPGIGVPGIGVPGIG
G5V4,VPGGGVPGGGVPGGGVPGGGVPGGGVPGVGVPGVGVPGVGVPGVG
G5L4,VPGGGVPGGGVPGGGVPGGGVPGGGVPGLGVPGLGVPGLGVPGLG
G5F4,VPGGGVPGGGVPGGGVPGGGVPGGGVPGFGVPGFGVPGFGVPGFG
G5C4,VPGGGVPGGGVPGGGVPGGGVPGGGVPGCGVPGCGVPGCGVPGCG
G5M4,VPGGGVPGGGVPGGGVPGGGVPGGGVPGMGVPGMGVPGMGVPGMG
G5A4,VPGGGVPGGGVPGGGVPGGGVPGGGVPGAGVPGAGVPGAGVPGAG
T5I4,VPGTGVPGTGVPGTGVPGTGVPGTGVPGIGVPGIGVPGIGVPGIG
T5V4,VPGTGVPGTGVPGTGVPGTGVPGTGVPGVGVPGVGVPGVGVPGVG
T5L4,VPGTGVPGTGVPGTGVPGTGVPGTGVPGLGVPGLGVPGLGVPGLG
T5F4,VPGTGVPGTGVPGTGVPGTGVPGTGVPGFGVPGFGVPGFGVPGFG
T5C4,VPGTGVPGTGVPGTGVPGTGVPGTGVPGCGVPGCGVPGCGVPGCG
T5M4,VPGTGVPGTGVPGTGVPGTGVPGTGVPGMGVPGMGVPGMGVPGMG
T5A4,VPGTGVPGTGVPGTGVPGTGVPGTGVPGAGVPGAGVPGAGVPGAG
S5I4,VPGSGVPGSGVPGSGVPGSGVPGSGVPGIGVPGIGVPGIGVPGIG
S5V4,VPGSGVPGSGVPGSGVPGSGVPGSGVPGVGVPGVGVPGVGVPGVG
S5L4,VPGSGVPGSGVPGSGVPGSGVPGSGVPGLGVPGLGVPGLGVPGLG
S5F4,VPGSGVPGSGVPGSGVPGSGVPGSGVPGFGVPGFGVPGFGVPGFG
S5C4,VPGSGVPGSGVPGSGVPGSGVPGSGVPGCGVPGCGVPGCGVPGCG
S5M4,VPGSGVPGSGVPGSGVPGSGVPGSGVPGMGVPGMGVPGMGVPGMG
S5A4,VPGSGVPGSGVPGSGVPGSGVPGSGVPGAGVPGAGVPGAGVPGAG
W5I4,VPGWGVPGWGVPGWGVPGWGVPGWGVPGIGVPGIGVPGIGVPGIG
W5V4,VPGWGVPGWGVPGWGVPGWGVPGWGVPGVGVPGVGVPGVGVPGVG
W5L4,VPGWGVPGWGVPGWGVPGWGVPGWGVPGLGVPGLGVPGLGVPGLG
W5F4,VPGWGVPGWGVPGWGVPGWGVPGWGVPGFGVPGFGVPGFGVPGFG
W5C4,VPGWGVPGWGVPGWGVPGWGVPGWGVPGCGVPGCGVPGCGVPGCG
W5M4,VPGWGVPGWGVPGWGVPGWGVPGWGVPGMGVPGMGVPGMGVPGMG
W5A4,VPGWGVPGWGVPGWGVPGWGVPGWGVPGAGVPGAGVPGAGVPGAG
Y5I4,VPGYGVPGYGVPGYGVPGYGVPGYGVPGIGVPGIGVPGIGVPGIG
Y5V4,VPGYGVPGYGVPGYGVPGYGVPGYGVPGVGVPGVGVPGVGVPGVG
Y5L4,VPGYGVPGYGVPGYGVPGYGVPGYGVPGLGVPGLGVPGLGVPGLG
Y5F4,VPGYGVPGYGVPGYGVPGYGVPGYGVPGFGVPGFGVPGFGVPGFG
Y5C4,VPGYGVPGYGVPGYGVPGYGVPGYGVPGCGVPGCGVPGCGVPGCG
Y5M4,VPGYGVPGYGVPGYGVPGYGVPGYGVPGMGVPGMGVPGMGVPGMG
Y5A4,VPGYGVPGYGVPGYGVPGYGVPGYGVPGAGVPGAGVPGAGVPGAG
H5I4,VPGHGVPGHGVPGHGVPGHGVPGHGVPGIGVPGIGVPGIGVPGIG
H5V4,VPGHGVPGHGVPGHGVPGHGVPGHGVPGVGVPGVGVPGVGVPGVG
H5L4,VPGHGVPGHGVPGHGVPGHGVPGHGVPGLGVPGLGVPGLGVPGLG
H5F4,VPGHGVPGHGVPGHGVPGHGVPGHGVPGFGVPGFGVPGFGVPGFG
H5C4,VPGHGVPGHGVPGHGVPGHGVPGHGVPGCGVPGCGVPGCGVPGCG
H5M4,VPGHGVPGHGVPGHGVPGHGVPGHGVPGMGVPGMGVPGMGVPGMG
H5A4,VPGHGVPGHGVPGHGVPGHGVPGHGVPGAGVPGAGVPGAGVPGAG
E5I4,VPGEGVPGEGVPGEGVPGEGVPGEGVPGIGVPGIGVPGIGVPGIG
E5V4,VPGEGVPGEGVPGEGVPGEGVPGEGVPGVGVPGVGVPGVGVPGVG
E5L4,VPGEGVPGEGVPGEGVPGEGVPGEGVPGLGVPGLGVPGLGVPGLG
E5F4,VPGEGVPGEGVPGEGVPGEGVPGEGVPGFGVPGFGVPGFGVPGFG
E5C4,VPGEGVPGEGVPGEGVPGEGVPGEGVPGCGVPGCGVPGCGVPGCG
E5M4,VPGEGVPGEGVPGEGVPGEGVPGEGVPGMGVPGMGVPGMGVPGMG
E5A4,VPGEGVPGEGVPGEGVPGEGVPGEGVPGAGVPGAGVPGAGVPGAG
Q5I4,VPGQGVPGQGVPGQGVPGQGVPGQGVPGIGVPGIGVPGIGVPGIG
Q5V4,VPGQGVPGQGVPGQGVPGQGVPGQGVPGVGVPGVGVPGVGVPGVG
Q5L4,VPGQGVPGQGVPGQGVPGQGVPGQGVPGLGVPGLGVPGLGVPGLG
Q5F4,VPGQGVPGQGVPGQGVPGQGVPGQGVPGFGVPGFGVPGFGVPGFG
Q5C4,VPGQGVPGQGVPGQGVPGQGVPGQGVPGCGVPGCGVPGCGVPGCG
Q5M4,VPGQGVPGQGVPGQGVPGQGVPGQGVPGMGVPGMGVPGMGVPGMG
Q5A4,VPGQGVPGQGVPGQGVPGQGVPGQGVPGAGVPGAGVPGAGVPGAG
D5I4,VPGDGVPGDGVPGDGVPGDGVPGDGVPGIGVPGIGVPGIGVPGIG
D5V4,VPGDGVPGDGVPGDGVPGDGVPGDGVPGVGVPGVGVPGVGVPGVG
D5L4,VPGDGVPGDGVPGDGVPGDGVPGDGVPGLGVPGLGVPGLGVPGLG
D5F4,VPGDGVPGDGVPGDGVPGDGVPGDGVPGFGVPGFGVPGFGVPGFG
D5C4,VPGDGVPGDGVPGDGVPGDGVPGDGVPGCGVPGCGVPGCGVPGCG
D5M4,VPGDGVPGDGVPGDGVPGDGVPGDGVPGMGVPGMGVPGMGVPGMG
D5A4,VPGDGVPGDGVPGDGVPGDGVPGDGVPGAGVPGAGVPGAGVPGAG
N5I4,VPGNGVPGNGVPGNGVPGNGVPGNGVPGIGVPGIGVPGIGVPGIG
N5V4,VPGNGVPGNGVPGNGVPGNGVPGNGVPGVGVPGVGVPGVGVPGVG
N5L4,VPGNGVPGNGVPGNGVPGNGVPGNGVPGLGVPGLGVPGLGVPGLG
N5F4,VPGNGVPGNGVPGNGVPGNGVPGNGVPGFGVPGFGVPGFGVPGFG
N5C4,VPGNGVPGNGVPGNGVPGNGVPGNGVPGCGVPGCGVPGCGVPGCG
N5M4,VPGNGVPGNGVPGNGVPGNGVPGNGVPGMGVPGMGVPGMGVPGMG
N5A4,VPGNGVPGNGVPGNGVPGNGVPGNGVPGAGVPGAGVPGAGVPGAG
K5I4,VPGKGVPGKGVPGKGVPGKGVPGKGVPGIGVPGIGVPGIGVPGIG
K5V4,VPGKGVPGKGVPGKGVPGKGVPGKGVPGVGVPGVGVPGVGVPGVG
K5L4,VPGKGVPGKGVPGKGVPGKGVPGKGVPGLGVPGLGVPGLGVPGLG
K5F4,VPGKGVPGKGVPGKGVPGKGVPGKGVPGFGVPGFGVPGFGVPGFG
K5C4,VPGKGVPGKGVPGKGVPGKGVPGKGVPGCGVPGCGVPGCGVPGCG
K5M4,VPGKGVPGKGVPGKGVPGKGVPGKGVPGMGVPGMGVPGMGVPGMG
K5A4,VPGKGVPGKGVPGKGVPGKGVPGKGVPGAGVPGAGVPGAGVPGAG
R5I4,VPGRGVPGRGVPGRGVPGRGVPGRGVPGIGVPGIGVPGIGVPGIG
R5V4,VPGRGVPGRGVPGRGVPGRGVPGRGVPGVGVPGVGVPGVGVPGVG
R5L4,VPGRGVPGRGVPGRGVPGRGVPGRGVPGLGVPGLGVPGLGVPGLG
R5F4,VPGRGVPGRGVPGRGVPGRGVPGRGVPGFGVPGFGVPGFGVPGFG
R5C4,VPGRGVPGRGVPGRGVPGRGVPGRGVPGCGVPGCGVPGCGVPGCG
R5M4,VPGRGVPGRGVPGRGVPGRGVPGRGVPGMGVPGMGVPGMGVPGMG
R5A4,VPGRGVPGRGVPGRGVPGRGVPGRGVPGAGVPGAGVPGAGVPGAG
G5I5,VPGGGVPGGGVPGGGVPGGGVPGGGVPGIGVPGIGVPGIGVPGIGVPGIG
G5V5,VPGGGVPGGGVPGGGVPGGGVPGGGVPGVGVPGVGVPGVGVPGVGVPGVG
G5L5,VPGGGVPGGGVPGGGVPGGGVPGGGVPGLGVPGLGVPGLGVPGLGVPGLG
G5F5,VPGGGVPGGGVPGGGVPGGGVPGGGVPGFGVPGFGVPGFGVPGFGVPGFG
G5C5,VPGGGVPGGGVPGGGVPGGGVPGGGVPGCGVPGCGVPGCGVPGCGVPGCG
G5M5,VPGGGVPGGGVPGGGVPGGGVPGGGVPGMGVPGMGVPGMGVPGMGVPGMG
G5A5,VPGGGVPGGGVPGGGVPGGGVPGGGVPGAGVPGAGVPGAGVPGAGVPGAG
T5I5,VPGTGVPGTGVPGTGVPGTGVPGTGVPGIGVPGIGVPGIGVPGIGVPGIG
T5V5,VPGTGVPGTGVPGTGVPGTGVPGTGVPGVGVPGVGVPGVGVPGVGVPGVG
T5L5,VPGTGVPGTGVPGTGVPGTGVPGTGVPGLGVPGLGVPGLGVPGLGVPGLG
T5F5,VPGTGVPGTGVPGTGVPGTGVPGTGVPGFGVPGFGVPGFGVPGFGVPGFG
T5C5,VPGTGVPGTGVPGTGVPGTGVPGTGVPGCGVPGCGVPGCGVPGCGVPGCG
T5M5,VPGTGVPGTGVPGTGVPGTGVPGTGVPGMGVPGMGVPGMGVPGMGVPGMG
T5A5,VPGTGVPGTGVPGTGVPGTGVPGTGVPGAGVPGAGVPGAGVPGAGVPGAG
S5I5,VPGSGVPGSGVPGSGVPGSGVPGSGVPGIGVPGIGVPGIGVPGIGVPGIG
S5V5,VPGSGVPGSGVPGSGVPGSGVPGSGVPGVGVPGVGVPGVGVPGVGVPGVG
S5L5,VPGSGVPGSGVPGSGVPGSGVPGSGVPGLGVPGLGVPGLGVPGLGVPGLG
S5F5,VPGSGVPGSGVPGSGVPGSGVPGSGVPGFGVPGFGVPGFGVPGFGVPGFG
S5C5,VPGSGVPGSGVPGSGVPGSGVPGSGVPGCGVPGCGVPGCGVPGCGVPGCG
S5M5,VPGSGVPGSGVPGSGVPGSGVPGSGVPGMGVPGMGVPGMGVPGMGVPGMG
S5A5,VPGSGVPGSGVPGSGVPGSGVPGSGVPGAGVPGAGVPGAGVPGAGVPGAG
W5I5,VPGWGVPGWGVPGWGVPGWGVPGWGVPGIGVPGIGVPGIGVPGIGVPGIG
W5V5,VPGWGVPGWGVPGWGVPGWGVPGWGVPGVGVPGVGVPGVGVPGVGVPGVG
W5L5,VPGWGVPGWGVPGWGVPGWGVPGWGVPGLGVPGLGVPGLGVPGLGVPGLG
W5F5,VPGWGVPGWGVPGWGVPGWGVPGWGVPGFGVPGFGVPGFGVPGFGVPGFG
W5C5,VPGWGVPGWGVPGWGVPGWGVPGWGVPGCGVPGCGVPGCGVPGCGVPGCG
W5M5,VPGWGVPGWGVPGWGVPGWGVPGWGVPGMGVPGMGVPGMGVPGMGVPGMG
W5A5,VPGWGVPGWGVPGWGVPGWGVPGWGVPGAGVPGAGVPGAGVPGAGVPGAG
Y5I5,VPGYGVPGYGVPGYGVPGYGVPGYGVPGIGVPGIGVPGIGVPGIGVPGIG
Y5V5,VPGYGVPGYGVPGYGVPGYGVPGYGVPGVGVPGVGVPGVGVPGVGVPGVG
Y5L5,VPGYGVPGYGVPGYGVPGYGVPGYGVPGLGVPGLGVPGLGVPGLGVPGLG
Y5F5,VPGYGVPGYGVPGYGVPGYGVPGYGVPGFGVPGFGVPGFGVPGFGVPGFG
Y5C5,VPGYGVPGYGVPGYGVPGYGVPGYGVPGCGVPGCGVPGCGVPGCGVPGCG
Y5M5,VPGYGVPGYGVPGYGVPGYGVPGYGVPGMGVPGMGVPGMGVPGMGVPGMG
Y5A5,VPGYGVPGYGVPGYGVPGYGVPGYGVPGAGVPGAGVPGAGVPGAGVPGAG
H5I5,VPGHGVPGHGVPGHGVPGHGVPGHGVPGIGVPGIGVPGIGVPGIGVPGIG
H5V5,VPGHGVPGHGVPGHGVPGHGVPGHGVPGVGVPGVGVPGVGVPGVGVPGVG
H5L5,VPGHGVPGHGVPGHGVPGHGVPGHGVPGLGVPGLGVPGLGVPGLGVPGLG
H5F5,VPGHGVPGHGVPGHGVPGHGVPGHGVPGFGVPGFGVPGFGVPGFGVPGFG
H5C5,VPGHGVPGHGVPGHGVPGHGVPGHGVPGCGVPGCGVPGCGVPGCGVPGCG
H5M5,VPGHGVPGHGVPGHGVPGHGVPGHGVPGMGVPGMGVPGMGVPGMGVPGMG
H5A5,VPGHGVPGHGVPGHGVPGHGVPGHGVPGAGVPGAGVPGAGVPGAGVPGAG
E5I5,VPGEGVPGEGVPGEGVPGEGVPGEGVPGIGVPGIGVPGIGVPGIGVPGIG
E5V5,VPGEGVPGEGVPGEGVPGEGVPGEGVPGVGVPGVGVPGVGVPGVGVPGVG
E5L5,VPGEGVPGEGVPGEGVPGEGVPGEGVPGLGVPGLGVPGLGVPGLGVPGLG
E5F5,VPGEGVPGEGVPGEGVPGEGVPGEGVPGFGVPGFGVPGFGVPGFGVPGFG
E5C5,VPGEGVPGEGVPGEGVPGEGVPGEGVPGCGVPGCGVPGCGVPGCGVPGCG
E5M5,VPGEGVPGEGVPGEGVPGEGVPGEGVPGMGVPGMGVPGMGVPGMGVPGMG
E5A5,VPGEGVPGEGVPGEGVPGEGVPGEGVPGAGVPGAGVPGAGVPGAGVPGAG
Q5I5,VPGQGVPGQGVPGQGVPGQGVPGQGVPGIGVPGIGVPGIGVPGIGVPGIG
Q5V5,VPGQGVPGQGVPGQGVPGQGVPGQGVPGVGVPGVGVPGVGVPGVGVPGVG
Q5L5,VPGQGVPGQGVPGQGVPGQGVPGQGVPGLGVPGLGVPGLGVPGLGVPGLG
Q5F5,VPGQGVPGQGVPGQGVPGQGVPGQGVPGFGVPGFGVPGFGVPGFGVPGFG
Q5C5,VPGQGVPGQGVPGQGVPGQGVPGQGVPGCGVPGCGVPGCGVPGCGVPGCG
Q5M5,VPGQGVPGQGVPGQGVPGQGVPGQGVPGMGVPGMGVPGMGVPGMGVPGMG
Q5A5,VPGQGVPGQGVPGQGVPGQGVPGQGVPGAGVPGAGVPGAGVPGAGVPGAG
D5I5,VPGDGVPGDGVPGDGVPGDGVPGDGVPGIGVPGIGVPGIGVPGIGVPGIG
D5V5,VPGDGVPGDGVPGDGVPGDGVPGDGVPGVGVPGVGVPGVGVPGVGVPGVG
D5L5,VPGDGVPGDGVPGDGVPGDGVPGDGVPGLGVPGLGVPGLGVPGLGVPGLG
D5F5,VPGDGVPGDGVPGDGVPGDGVPGDGVPGFGVPGFGVPGFGVPGFGVPGFG
D5C5,VPGDGVPGDGVPGDGVPGDGVPGDGVPGCGVPGCGVPGCGVPGCGVPGCG
D5M5,VPGDGVPGDGVPGDGVPGDGVPGDGVPGMGVPGMGVPGMGVPGMGVPGMG
D5A5,VPGDGVPGDGVPGDGVPGDGVPGDGVPGAGVPGAGVPGAGVPGAGVPGAG
N5I5,VPGNGVPGNGVPGNGVPGNGVPGNGVPGIGVPGIGVPGIGVPGIGVPGIG
N5V5,VPGNGVPGNGVPGNGVPGNGVPGNGVPGVGVPGVGVPGVGVPGVGVPGVG
N5L5,VPGNGVPGNGVPGNGVPGNGVPGNGVPGLGVPGLGVPGLGVPGLGVPGLG
N5F5,VPGNGVPGNGVPGNGVPGNGVPGNGVPGFGVPGFGVPGFGVPGFGVPGFG
N5C5,VPGNGVPGNGVPGNGVPGNGVPGNGVPGCGVPGCGVPGCGVPGCGVPGCG
N5M5,VPGNGVPGNGVPGNGVPGNGVPGNGVPGMGVPGMGVPGMGVPGMGVPGMG
N5A5,VPGNGVPGNGVPGNGVPGNGVPGNGVPGAGVPGAGVPGAGVPGAGVPGAG
K5I5,VPGKGVPGKGVPGKGVPGKGVPGKGVPGIGVPGIGVPGIGVPGIGVPGIG
K5V5,VPGKGVPGKGVPGKGVPGKGVPGKGVPGVGVPGVGVPGVGVPGVGVPGVG
K5L5,VPGKGVPGKGVPGKGVPGKGVPGKGVPGLGVPGLGVPGLGVPGLGVPGLG
K5F5,VPGKGVPGKGVPGKGVPGKGVPGKGVPGFGVPGFGVPGFGVPGFGVPGFG
K5C5,VPGKGVPGKGVPGKGVPGKGVPGKGVPGCGVPGCGVPGCGVPGCGVPGCG
K5M5,VPGKGVPGKGVPGKGVPGKGVPGKGVPGMGVPGMGVPGMGVPGMGVPGMG
K5A5,VPGKGVPGKGVPGKGVPGKGVPGKGVPGAGVPGAGVPGAGVPGAGVPGAG
R5I5,VPGRGVPGRGVPGRGVPGRGVPGRGVPGIGVPGIGVPGIGVPGIGVPGIG
R5V5,VPGRGVPGRGVPGRGVPGRGVPGRGVPGVGVPGVGVPGVGVPGVGVPGVG
R5L5,VPGRGVPGRGVPGRGVPGRGVPGRGVPGLGVPGLGVPGLGVPGLGVPGLG
R5F5,VPGRGVPGRGVPGRGVPGRGVPGRGVPGFGVPGFGVPGFGVPGFGVPGFG
R5C5,VPGRGVPGRGVPGRGVPGRGVPGRGVPGCGVPGCGVPGCGVPGCGVPGCG
R5M5,VPGRGVPGRGVPGRGVPGRGVPGRGVPGMGVPGMGVPGMGVPGMGVPGMG
R5A5,VPGRGVPGRGVPGRGVPGRGVPGRGVPGAGVPGAGVPGAGVPGAGVPGAG
G6I3,VPGGGVPGGGVPGGGVPGGGVPGGGVPGGGVPGIGVPGIGVPGIG
G6V3,VPGGGVPGGGVPGGGVPGGGVPGGGVPGGGVPGVGVPGVGVPGVG
G6L3,VPGGGVPGGGVPGGGVPGGGVPGGGVPGGGVPGLGVPGLGVPGLG
G6F3,VPGGGVPGGGVPGGGVPGGGVPGGGVPGGGVPGFGVPGFGVPGFG
G6C3,VPGGGVPGGGVPGGGVPGGGVPGGGVPGGGVPGCGVPGCGVPGCG
G6M3,VPGGGVPGGGVPGGGVPGGGVPGGGVPGGGVPGMGVPGMGVPGMG
G6A3,VPGGGVPGGGVPGGGVPGGGVPGGGVPGGGVPGAGVPGAGVPGAG
T6I3,VPGTGVPGTGVPGTGVPGTGVPGTGVPGTGVPGIGVPGIGVPGIG
T6V3,VPGTGVPGTGVPGTGVPGTGVPGTGVPGTGVPGVGVPGVGVPGVG
T6L3,VPGTGVPGTGVPGTGVPGTGVPGTGVPGTGVPGLGVPGLGVPGLG
T6F3,VPGTGVPGTGVPGTGVPGTGVPGTGVPGTGVPGFGVPGFGVPGFG
T6C3,VPGTGVPGTGVPGTGVPGTGVPGTGVPGTGVPGCGVPGCGVPGCG
T6M3,VPGTGVPGTGVPGTGVPGTGVPGTGVPGTGVPGMGVPGMGVPGMG
T6A3,VPGTGVPGTGVPGTGVPGTGVPGTGVPGTGVPGAGVPGAGVPGAG
S6I3,VPGSGVPGSGVPGSGVPGSGVPGSGVPGSGVPGIGVPGIGVPGIG
S6V3,VPGSGVPGSGVPGSGVPGSGVPGSGVPGSGVPGVGVPGVGVPGVG
S6L3,VPGSGVPGSGVPGSGVPGSGVPGSGVPGSGVPGLGVPGLGVPGLG
S6F3,VPGSGVPGSGVPGSGVPGSGVPGSGVPGSGVPGFGVPGFGVPGFG
S6C3,VPGSGVPGSGVPGSGVPGSGVPGSGVPGSGVPGCGVPGCGVPGCG
S6M3,VPGSGVPGSGVPGSGVPGSGVPGSGVPGSGVPGMGVPGMGVPGMG
S6A3,VPGSGVPGSGVPGSGVPGSGVPGSGVPGSGVPGAGVPGAGVPGAG
W6I3,VPGWGVPGWGVPGWGVPGWGVPGWGVPGWGVPGIGVPGIGVPGIG
W6V3,VPGWGVPGWGVPGWGVPGWGVPGWGVPGWGVPGVGVPGVGVPGVG
W6L3,VPGWGVPGWGVPGWGVPGWGVPGWGVPGWGVPGLGVPGLGVPGLG
W6F3,VPGWGVPGWGVPGWGVPGWGVPGWGVPGWGVPGFGVPGFGVPGFG
W6C3,VPGWGVPGWGVPGWGVPGWGVPGWGVPGWGVPGCGVPGCGVPGCG
W6M3,VPGWGVPGWGVPGWGVPGWGVPGWGVPGWGVPGMGVPGMGVPGMG
W6A3,VPGWGVPGWGVPGWGVPGWGVPGWGVPGWGVPGAGVPGAGVPGAG
Y6I3,VPGYGVPGYGVPGYGVPGYGVPGYGVPGYGVPGIGVPGIGVPGIG
Y6V3,VPGYGVPGYGVPGYGVPGYGVPGYGVPGYGVPGVGVPGVGVPGVG
Y6L3,VPGYGVPGYGVPGYGVPGYGVPGYGVPGYGVPGLGVPGLGVPGLG
Y6F3,VPGYGVPGYGVPGYGVPGYGVPGYGVPGYGVPGFGVPGFGVPGFG
Y6C3,VPGYGVPGYGVPGYGVPGYGVPGYGVPGYGVPGCGVPGCGVPGCG
Y6M3,VPGYGVPGYGVPGYGVPGYGVPGYGVPGYGVPGMGVPGMGVPGMG
Y6A3,VPGYGVPGYGVPGYGVPGYGVPGYGVPGYGVPGAGVPGAGVPGAG
H6I3,VPGHGVPGHGVPGHGVPGHGVPGHGVPGHGVPGIGVPGIGVPGIG
H6V3,VPGHGVPGHGVPGHGVPGHGVPGHGVPGHGVPGVGVPGVGVPGVG
H6L3,VPGHGVPGHGVPGHGVPGHGVPGHGVPGHGVPGLGVPGLGVPGLG
H6F3,VPGHGVPGHGVPGHGVPGHGVPGHGVPGHGVPGFGVPGFGVPGFG
H6C3,VPGHGVPGHGVPGHGVPGHGVPGHGVPGHGVPGCGVPGCGVPGCG
H6M3,VPGHGVPGHGVPGHGVPGHGVPGHGVPGHGVPGMGVPGMGVPGMG
H6A3,VPGHGVPGHGVPGHGVPGHGVPGHGVPGHGVPGAGVPGAGVPGAG
E6I3,VPGEGVPGEGVPGEGVPGEGVPGEGVPGEGVPGIGVPGIGVPGIG
E6V3,VPGEGVPGEGVPGEGVPGEGVPGEGVPGEGVPGVGVPGVGVPGVG
E6L3,VPGEGVPGEGVPGEGVPGEGVPGEGVPGEGVPGLGVPGLGVPGLG
E6F3,VPGEGVPGEGVPGEGVPGEGVPGEGVPGEGVPGFGVPGFGVPGFG
E6C3,VPGEGVPGEGVPGEGVPGEGVPGEGVPGEGVPGCGVPGCGVPGCG
E6M3,VPGEGVPGEGVPGEGVPGEGVPGEGVPGEGVPGMGVPGMGVPGMG
E6A3,VPGEGVPGEGVPGEGVPGEGVPGEGVPGEGVPGAGVPGAGVPGAG
Q6I3,VPGQGVPGQGVPGQGVPGQGVPGQGVPGQGVPGIGVPGIGVPGIG
Q6V3,VPGQGVPGQGVPGQGVPGQGVPGQGVPGQGVPGVGVPGVGVPGVG
Q6L3,VPGQGVPGQGVPGQGVPGQGVPGQGVPGQGVPGLGVPGLGVPGLG
Q6F3,VPGQGVPGQGVPGQGVPGQGVPGQGVPGQGVPGFGVPGFGVPGFG
Q6C3,VPGQGVPGQGVPGQGVPGQGVPGQGVPGQGVPGCGVPGCGVPGCG
Q6M3,VPGQGVPGQGVPGQGVPGQGVPGQGVPGQGVPGMGVPGMGVPGMG
Q6A3,VPGQGVPGQGVPGQGVPGQGVPGQGVPGQGVPGAGVPGAGVPGAG
D6I3,VPGDGVPGDGVPGDGVPGDGVPGDGVPGDGVPGIGVPGIGVPGIG
D6V3,VPGDGVPGDGVPGDGVPGDGVPGDGVPGDGVPGVGVPGVGVPGVG
D6L3,VPGDGVPGDGVPGDGVPGDGVPGDGVPGDGVPGLGVPGLGVPGLG
D6F3,VPGDGVPGDGVPGDGVPGDGVPGDGVPGDGVPGFGVPGFGVPGFG
D6C3,VPGDGVPGDGVPGDGVPGDGVPGDGVPGDGVPGCGVPGCGVPGCG
D6M3,VPGDGVPGDGVPGDGVPGDGVPGDGVPGDGVPGMGVPGMGVPGMG
D6A3,VPGDGVPGDGVPGDGVPGDGVPGDGVPGDGVPGAGVPGAGVPGAG
N6I3,VPGNGVPGNGVPGNGVPGNGVPGNGVPGNGVPGIGVPGIGVPGIG
N6V3,VPGNGVPGNGVPGNGVPGNGVPGNGVPGNGVPGVGVPGVGVPGVG
N6L3,VPGNGVPGNGVPGNGVPGNGVPGNGVPGNGVPGLGVPGLGVPGLG
N6F3,VPGNGVPGNGVPGNGVPGNGVPGNGVPGNGVPGFGVPGFGVPGFG
N6C3,VPGNGVPGNGVPGNGVPGNGVPGNGVPGNGVPGCGVPGCGVPGCG
N6M3,VPGNGVPGNGVPGNGVPGNGVPGNGVPGNGVPGMGVPGMGVPGMG
N6A3,VPGNGVPGNGVPGNGVPGNGVPGNGVPGNGVPGAGVPGAGVPGAG
K6I3,VPGKGVPGKGVPGKGVPGKGVPGKGVPGKGVPGIGVPGIGVPGIG
K6V3,VPGKGVPGKGVPGKGVPGKGVPGKGVPGKGVPGVGVPGVGVPGVG
K6L3,VPGKGVPGKGVPGKGVPGKGVPGKGVPGKGVPGLGVPGLGVPGLG
K6F3,VPGKGVPGKGVPGKGVPGKGVPGKGVPGKGVPGFGVPGFGVPGFG
K6C3,VPGKGVPGKGVPGKGVPGKGVPGKGVPGKGVPGCGVPGCGVPGCG
K6M3,VPGKGVPGKGVPGKGVPGKGVPGKGVPGKGVPGMGVPGMGVPGMG
K6A3,VPGKGVPGKGVPGKGVPGKGVPGKGVPGKGVPGAGVPGAGVPGAG
R6I3,VPGRGVPGRGVPGRGVPGRGVPGRGVPGRGVPGIGVPGIGVPGIG
R6V3,VPGRGVPGRGVPGRGVPGRGVPGRGVPGRGVPGVGVPGVGVPGVG
R6L3,VPGRGVPGRGVPGRGVPGRGVPGRGVPGRGVPGLGVPGLGVPGLG
R6F3,VPGRGVPGRGVPGRGVPGRGVPGRGVPGRGVPGFGVPGFGVPGFG
R6C3,VPGRGVPGRGVPGRGVPGRGVPGRGVPGRGVPGCGVPGCGVPGCG
R6M3,VPGRGVPGRGVPGRGVPGRGVPGRGVPGRGVPGMGVPGMGVPGMG
R6A3,VPGRGVPGRGVPGRGVPGRGVPGRGVPGRGVPGAGVPGAGVPGAG
G6I4,VPGGGVPGGGVPGGGVPGGGVPGGGVPGGGVPGIGVPGIGVPGIGVPGIG
G6V4,VPGGGVPGGGVPGGGVPGGGVPGGGVPGGGVPGVGVPGVGVPGVGVPGVG
G6L4,VPGGGVPGGGVPGGGVPGGGVPGGGVPGGGVPGLGVPGLGVPGLGVPGLG
G6F4,VPGGGVPGGGVPGGGVPGGGVPGGGVPGGGVPGFGVPGFGVPGFGVPGFG
G6C4,VPGGGVPGGGVPGGGVPGGGVPGGGVPGGGVPGCGVPGCGVPGCGVPGCG
G6M4,VPGGGVPGGGVPGGGVPGGGVPGGGVPGGGVPGMGVPGMGVPGMGVPGMG
G6A4,VPGGGVPGGGVPGGGVPGGGVPGGGVPGGGVPGAGVPGAGVPGAGVPGAG
T6I4,VPGTGVPGTGVPGTGVPGTGVPGTGVPGTGVPGIGVPGIGVPGIGVPGIG
T6V4,VPGTGVPGTGVPGTGVPGTGVPGTGVPGTGVPGVGVPGVGVPGVGVPGVG
T6L4,VPGTGVPGTGVPGTGVPGTGVPGTGVPGTGVPGLGVPGLGVPGLGVPGLG
T6F4,VPGTGVPGTGVPGTGVPGTGVPGTGVPGTGVPGFGVPGFGVPGFGVPGFG
T6C4,VPGTGVPGTGVPGTGVPGTGVPGTGVPGTGVPGCGVPGCGVPGCGVPGCG
T6M4,VPGTGVPGTGVPGTGVPGTGVPGTGVPGTGVPGMGVPGMGVPGMGVPGMG
T6A4,VPGTGVPGTGVPGTGVPGTGVPGTGVPGTGVPGAGVPGAGVPGAGVPGAG
S6I4,VPGSGVPGSGVPGSGVPGSGVPGSGVPGSGVPGIGVPGIGVPGIGVPGIG
S6V4,VPGSGVPGSGVPGSGVPGSGVPGSGVPGSGVPGVGVPGVGVPGVGVPGVG
S6L4,VPGSGVPGSGVPGSGVPGSGVPGSGVPGSGVPGLGVPGLGVPGLGVPGLG
S6F4,VPGSGVPGSGVPGSGVPGSGVPGSGVPGSGVPGFGVPGFGVPGFGVPGFG
S6C4,VPGSGVPGSGVPGSGVPGSGVPGSGVPGSGVPGCGVPGCGVPGCGVPGCG
S6M4,VPGSGVPGSGVPGSGVPGSGVPGSGVPGSGVPGMGVPGMGVPGMGVPGMG
S6A4,VPGSGVPGSGVPGSGVPGSGVPGSGVPGSGVPGAGVPGAGVPGAGVPGAG
W6I4,VPGWGVPGWGVPGWGVPGWGVPGWGVPGWGVPGIGVPGIGVPGIGVPGIG
W6V4,VPGWGVPGWGVPGWGVPGWGVPGWGVPGWGVPGVGVPGVGVPGVGVPGVG
W6L4,VPGWGVPGWGVPGWGVPGWGVPGWGVPGWGVPGLGVPGLGVPGLGVPGLG
W6F4,VPGWGVPGWGVPGWGVPGWGVPGWGVPGWGVPGFGVPGFGVPGFGVPGFG
W6C4,VPGWGVPGWGVPGWGVPGWGVPGWGVPGWGVPGCGVPGCGVPGCGVPGCG
W6M4,VPGWGVPGWGVPGWGVPGWGVPGWGVPGWGVPGMGVPGMGVPGMGVPGMG
W6A4,VPGWGVPGWGVPGWGVPGWGVPGWGVPGWGVPGAGVPGAGVPGAGVPGAG
Y6I4,VPGYGVPGYGVPGYGVPGYGVPGYGVPGYGVPGIGVPGIGVPGIGVPGIG
Y6V4,VPGYGVPGYGVPGYGVPGYGVPGYGVPGYGVPGVGVPGVGVPGVGVPGVG
Y6L4,VPGYGVPGYGVPGYGVPGYGVPGYGVPGYGVPGLGVPGLGVPGLGVPGLG
Y6F4,VPGYGVPGYGVPGYGVPGYGVPGYGVPGYGVPGFGVPGFGVPGFGVPGFG
Y6C4,VPGYGVPGYGVPGYGVPGYGVPGYGVPGYGVPGCGVPGCGVPGCGVPGCG
Y6M4,VPGYGVPGYGVPGYGVPGYGVPGYGVPGYGVPGMGVPGMGVPGMGVPGMG
Y6A4,VPGYGVPGYGVPGYGVPGYGVPGYGVPGYGVPGAGVPGAGVPGAGVPGAG
H6I4,VPGHGVPGHGVPGHGVPGHGVPGHGVPGHGVPGIGVPGIGVPGIGVPGIG
H6V4,VPGHGVPGHGVPGHGVPGHGVPGHGVPGHGVPGVGVPGVGVPGVGVPGVG
H6L4,VPGHGVPGHGVPGHGVPGHGVPGHGVPGHGVPGLGVPGLGVPGLGVPGLG
H6F4,VPGHGVPGHGVPGHGVPGHGVPGHGVPGHGVPGFGVPGFGVPGFGVPGFG
H6C4,VPGHGVPGHGVPGHGVPGHGVPGHGVPGHGVPGCGVPGCGVPGCGVPGCG
H6M4,VPGHGVPGHGVPGHGVPGHGVPGHGVPGHGVPGMGVPGMGVPGMGVPGMG
H6A4,VPGHGVPGHGVPGHGVPGHGVPGHGVPGHGVPGAGVPGAGVPGAGVPGAG
E6I4,VPGEGVPGEGVPGEGVPGEGVPGEGVPGEGVPGIGVPGIGVPGIGVPGIG
E6V4,VPGEGVPGEGVPGEGVPGEGVPGEGVPGEGVPGVGVPGVGVPGVGVPGVG
E6L4,VPGEGVPGEGVPGEGVPGEGVPGEGVPGEGVPGLGVPGLGVPGLGVPGLG
E6F4,VPGEGVPGEGVPGEGVPGEGVPGEGVPGEGVPGFGVPGFGVPGFGVPGFG
E6C4,VPGEGVPGEGVPGEGVPGEGVPGEGVPGEGVPGCGVPGCGVPGCGVPGCG
E6M4,VPGEGVPGEGVPGEGVPGEGVPGEGVPGEGVPGMGVPGMGVPGMGVPGMG
E6A4,VPGEGVPGEGVPGEGVPGEGVPGEGVPGEGVPGAGVPGAGVPGAGVPGAG
Q6I4,VPGQGVPGQGVPGQGVPGQGVPGQGVPGQGVPGIGVPGIGVPGIGVPGIG
Q6V4,VPGQGVPGQGVPGQGVPGQGVPGQGVPGQGVPGVGVPGVGVPGVGVPGVG
Q6L4,VPGQGVPGQGVPGQGVPGQGVPGQGVPGQGVPGLGVPGLGVPGLGVPGLG
Q6F4,VPGQGVPGQGVPGQGVPGQGVPGQGVPGQGVPGFGVPGFGVPGFGVPGFG
Q6C4,VPGQGVPGQGVPGQGVPGQGVPGQGVPGQGVPGCGVPGCGVPGCGVPGCG
Q6M4,VPGQGVPGQGVPGQGVPGQGVPGQGVPGQGVPGMGVPGMGVPGMGVPGMG
Q6A4,VPGQGVPGQGVPGQGVPGQGVPGQGVPGQGVPGAGVPGAGVPGAGVPGAG
D6I4,VPGDGVPGDGVPGDGVPGDGVPGDGVPGDGVPGIGVPGIGVPGIGVPGIG
D6V4,VPGDGVPGDGVPGDGVPGDGVPGDGVPGDGVPGVGVPGVGVPGVGVPGVG
D6L4,VPGDGVPGDGVPGDGVPGDGVPGDGVPGDGVPGLGVPGLGVPGLGVPGLG
D6F4,VPGDGVPGDGVPGDGVPGDGVPGDGVPGDGVPGFGVPGFGVPGFGVPGFG
D6C4,VPGDGVPGDGVPGDGVPGDGVPGDGVPGDGVPGCGVPGCGVPGCGVPGCG
D6M4,VPGDGVPGDGVPGDGVPGDGVPGDGVPGDGVPGMGVPGMGVPGMGVPGMG
D6A4,VPGDGVPGDGVPGDGVPGDGVPGDGVPGDGVPGAGVPGAGVPGAGVPGAG
N6I4,VPGNGVPGNGVPGNGVPGNGVPGNGVPGNGVPGIGVPGIGVPGIGVPGIG
N6V4,VPGNGVPGNGVPGNGVPGNGVPGNGVPGNGVPGVGVPGVGVPGVGVPGVG
N6L4,VPGNGVPGNGVPGNGVPGNGVPGNGVPGNGVPGLGVPGLGVPGLGVPGLG
N6F4,VPGNGVPGNGVPGNGVPGNGVPGNGVPGNGVPGFGVPGFGVPGFGVPGFG
N6C4,VPGNGVPGNGVPGNGVPGNGVPGNGVPGNGVPGCGVPGCGVPGCGVPGCG
N6M4,VPGNGVPGNGVPGNGVPGNGVPGNGVPGNGVPGMGVPGMGVPGMGVPGMG
N6A4,VPGNGVPGNGVPGNGVPGNGVPGNGVPGNGVPGAGVPGAGVPGAGVPGAG
K6I4,VPGKGVPGKGVPGKGVPGKGVPGKGVPGKGVPGIGVPGIGVPGIGVPGIG
K6V4,VPGKGVPGKGVPGKGVPGKGVPGKGVPGKGVPGVGVPGVGVPGVGVPGVG
K6L4,VPGKGVPGKGVPGKGVPGKGVPGKGVPGKGVPGLGVPGLGVPGLGVPGLG
K6F4,VPGKGVPGKGVPGKGVPGKGVPGKGVPGKGVPGFGVPGFGVPGFGVPGFG
K6C4,VPGKGVPGKGVPGKGVPGKGVPGKGVPGKGVPGCGVPGCGVPGCGVPGCG
K6M4,VPGKGVPGKGVPGKGVPGKGVPGKGVPGKGVPGMGVPGMGVPGMGVPGMG
K6A4,VPGKGVPGKGVPGKGVPGKGVPGKGVPGKGVPGAGVPGAGVPGAGVPGAG
R6I4,VPGRGVPGRGVPGRGVPGRGVPGRGVPGRGVPGIGVPGIGVPGIGVPGIG
R6V4,VPGRGVPGRGVPGRGVPGRGVPGRGVPGRGVPGVGVPGVGVPGVGVPGVG
R6L4,VPGRGVPGRGVPGRGVPGRGVPGRGVPGRGVPGLGVPGLGVPGLGVPGLG
R6F4,VPGRGVPGRGVPGRGVPGRGVPGRGVPGRGVPGFGVPGFGVPGFGVPGFG
R6C4,VPGRGVPGRGVPGRGVPGRGVPGRGVPGRGVPGCGVPGCGVPGCGVPGCG
R6M4,VPGRGVPGRGVPGRGVPGRGVPGRGVPGRGVPGMGVPGMGVPGMGVPGMG
R6A4,VPGRGVPGRGVPGRGVPGRGVPGRGVPGRGVPGAGVPGAGVPGAGVPGAG

